{"recognized_user": "L2", "distances": {"jean": 0.06662590093800944, "L": 0.07825352938008409, "L2": 0.028273291544710328}}